{"cameraMode":{"drawMode":0,"name":"Shaded","section":"Shading Mode"},"sceneLighting":false,"audioPlay":false,"sceneViewState":{"m_AlwaysRefresh":false,"showFog":true,"showSkybox":false,"showFlares":true,"showImageEffects":true,"showParticleSystems":true,"showVisualEffectGraphs":true,"m_FxEnabled":true},"in2DMode":false,"pivot":{"x":-0.14180755615234376,"y":0.9602923393249512,"z":12.42142105102539},"rotation":{"x":0.19955600798130036,"y":-0.627484917640686,"z":0.17083515226840974,"w":0.7329868078231812},"size":2.7434465885162355,"orthographic":false}